{
	"Jajangmyeon": {
		"volume(cm^3)": 291.5907398097031,
		"weight(g)": 271.289609322672,
		"calorie(kcal)": 474.756816314676,
		"fat(g)": 12.045258653926638,
		"carbohydrate(g)": 78.02289164120047,
		"protein(g)": 16.16886071563125
	}
}