{
	"Jajangmyeon": {
		"volume(cm^3)": 325.7320153457195,
		"weight(g)": 303.05390097331986,
		"calorie(kcal)": 530.3443267033098,
		"fat(g)": 13.455593203215402,
		"carbohydrate(g)": 87.1583019199268,
		"protein(g)": 18.062012498009864
	}
}