{
	"Jajangmyeon": {
		"volume(cm^3)": 290.8824354943158,
		"weight(g)": 270.63061857033057,
		"calorie(kcal)": 473.6035824980785,
		"fat(g)": 12.015999464522677,
		"carbohydrate(g)": 77.83336590082708,
		"protein(g)": 16.129584866791703
	}
}