{
	"Jajangmyeon": {
		"volume(cm^3)": 326.14262938067804,
		"weight(g)": 303.4359272379365,
		"calorie(kcal)": 531.0128726663888,
		"fat(g)": 13.47255516936438,
		"carbohydrate(g)": 87.26817267363054,
		"protein(g)": 18.084781263381014
	}
}