{
	"Jajangmyeon": {
		"volume(cm^3)": 283.5399122896752,
		"weight(g)": 263.79929651624343,
		"calorie(kcal)": 461.648768903426,
		"fat(g)": 11.712688765321209,
		"carbohydrate(g)": 75.86867767807162,
		"protein(g)": 15.722438072368108
	}
}